Vehicle_ID,Lane_No,First_Frame,Last_Frame,First_Time_s,Last_Time_s,Vehicle_Type
1,1,0,0,0.0,0.0,car
2,2,0,0,0.0,0.0,bus
3,1,0,0,0.0,0.0,car
4,1,0,0,0.0,0.0,car
5,1,0,0,0.0,0.0,car
6,1,22,22,0.73,0.73,car
7,1,36,36,1.2,1.2,car
8,1,36,36,1.2,1.2,car
9,3,37,37,1.23,1.23,car
10,1,39,39,1.3,1.3,car
11,1,49,49,1.63,1.63,car
12,1,53,53,1.77,1.77,car
13,2,57,57,1.9,1.9,car
14,2,61,61,2.03,2.03,car
12,2,53,65,1.77,2.17,car
15,1,66,66,2.2,2.2,car
16,1,97,97,3.23,3.23,car
17,2,98,98,3.27,3.27,car
18,2,108,108,3.6,3.6,car
18,1,108,112,3.6,3.73,car
19,2,126,126,4.2,4.2,car
20,2,130,130,4.33,4.33,car
21,1,134,134,4.47,4.47,car
22,2,152,152,5.07,5.07,car
23,1,153,153,5.1,5.1,car
20,1,130,157,4.33,5.23,car
24,2,157,157,5.23,5.23,car
25,2,178,178,5.93,5.93,car
26,2,182,182,6.07,6.07,car
27,1,185,185,6.17,6.17,car
28,2,197,197,6.57,6.57,car
29,1,203,203,6.77,6.77,truck
30,1,212,212,7.07,7.07,car
24,1,157,216,5.23,7.2,car
31,2,219,219,7.3,7.3,car
32,2,223,223,7.43,7.43,car
33,1,226,226,7.53,7.53,car
34,1,246,246,8.2,8.2,car
35,2,248,248,8.27,8.27,car
36,2,249,249,8.3,8.3,car
37,1,255,255,8.5,8.5,car
38,1,257,257,8.57,8.57,bus
39,1,259,259,8.63,8.63,car
40,1,265,265,8.83,8.83,car
41,1,268,268,8.93,8.93,car
42,2,270,270,9.0,9.0,car
43,2,271,271,9.03,9.03,car
44,2,274,274,9.13,9.13,car
45,1,274,274,9.13,9.13,car
46,1,275,275,9.17,9.17,car
47,1,276,276,9.2,9.2,truck
48,2,276,276,9.2,9.2,car
49,2,288,288,9.6,9.6,car
50,1,288,288,9.6,9.6,truck
51,2,293,293,9.77,9.77,car
52,2,295,295,9.83,9.83,car
53,1,298,298,9.93,9.93,bus
54,1,310,310,10.33,10.33,car
55,1,317,317,10.57,10.57,car
54,2,310,323,10.33,10.77,car
56,1,327,327,10.9,10.9,car
43,1,271,331,9.03,11.03,car
57,1,333,333,11.1,11.1,car
58,1,335,335,11.17,11.17,car
59,2,338,338,11.27,11.27,car
60,1,343,343,11.43,11.43,car
61,2,357,357,11.9,11.9,car
57,2,333,364,11.1,12.13,car
62,1,365,365,12.17,12.17,car
63,1,369,369,12.3,12.3,car
64,2,382,382,12.73,12.73,car
65,1,383,383,12.77,12.77,car
66,2,401,401,13.37,13.37,car
67,2,430,430,14.33,14.33,bus
68,1,442,442,14.73,14.73,car
69,2,451,451,15.03,15.03,car
70,1,461,461,15.37,15.37,car
71,1,471,471,15.7,15.7,truck
72,1,496,496,16.53,16.53,car
73,2,497,497,16.57,16.57,car
74,1,499,499,16.63,16.63,car
75,2,519,519,17.3,17.3,car
76,1,523,523,17.43,17.43,bus
77,1,546,546,18.2,18.2,car
78,1,547,547,18.23,18.23,car
79,1,552,552,18.4,18.4,car
80,2,562,562,18.73,18.73,car
81,1,566,566,18.87,18.87,car
82,1,572,572,19.07,19.07,truck
83,2,574,574,19.13,19.13,car
80,1,562,575,18.73,19.17,bus
81,2,566,581,18.87,19.37,car
84,1,594,594,19.8,19.8,bus
85,2,594,594,19.8,19.8,car
86,1,604,604,20.13,20.13,car
87,2,621,621,20.7,20.7,car
88,2,645,645,21.5,21.5,car
89,2,646,646,21.53,21.53,car
90,1,658,658,21.93,21.93,car
91,2,662,662,22.07,22.07,car
92,2,673,673,22.43,22.43,car
93,1,674,674,22.47,22.47,truck
94,2,690,690,23.0,23.0,car
95,1,696,696,23.2,23.2,car
96,2,704,704,23.47,23.47,car
89,1,646,710,21.53,23.67,car
97,1,727,727,24.23,24.23,car
98,2,728,728,24.27,24.27,bus
99,1,728,728,24.27,24.27,car
95,2,696,729,23.2,24.3,car
100,1,734,734,24.47,24.47,bus
101,2,734,734,24.47,24.47,car
102,1,740,740,24.67,24.67,car
103,1,759,759,25.3,25.3,car
104,1,765,765,25.5,25.5,car
105,1,774,774,25.8,25.8,car
104,2,765,775,25.5,25.83,car
106,2,780,780,26.0,26.0,car
107,2,788,788,26.27,26.27,car
108,1,792,792,26.4,26.4,bus
109,1,800,800,26.67,26.67,car
110,1,807,807,26.9,26.9,car
111,1,820,820,27.33,27.33,car
112,2,821,821,27.37,27.37,bus
113,2,840,840,28.0,28.0,car
114,3,842,842,28.07,28.07,car
111,2,820,851,27.33,28.37,car
115,2,856,856,28.53,28.53,bus
112,1,821,863,27.37,28.77,bus
116,2,868,868,28.93,28.93,car
117,2,887,887,29.57,29.57,car
118,2,889,889,29.63,29.63,car
119,1,905,905,30.17,30.17,car
120,2,909,909,30.3,30.3,car
121,2,916,916,30.53,30.53,truck
122,2,920,920,30.67,30.67,car
123,2,948,948,31.6,31.6,car
124,2,952,952,31.73,31.73,car
125,1,960,960,32.0,32.0,car
126,2,972,972,32.4,32.4,car
127,3,975,975,32.5,32.5,car
128,1,978,978,32.6,32.6,car
129,1,1008,1008,33.6,33.6,car
120,1,909,1011,30.3,33.7,car
130,3,1036,1036,34.53,34.53,car
131,2,1053,1053,35.1,35.1,car
132,1,1053,1053,35.1,35.1,car
133,1,1057,1057,35.23,35.23,car
134,1,1059,1059,35.3,35.3,car
135,2,1061,1061,35.37,35.37,car
136,2,1100,1100,36.67,36.67,bus
137,1,1111,1111,37.03,37.03,car
138,1,1117,1117,37.23,37.23,car
139,1,1120,1120,37.33,37.33,car
140,2,1127,1127,37.57,37.57,car
141,1,1147,1147,38.23,38.23,car
135,1,1061,1156,35.37,38.53,car
142,2,1171,1171,39.03,39.03,bus
143,3,1190,1190,39.67,39.67,car
144,1,1229,1229,40.97,40.97,car
124,1,952,1238,31.73,41.27,car
145,2,1238,1238,41.27,41.27,car
146,2,1251,1251,41.7,41.7,bus
147,2,1280,1280,42.67,42.67,bus
148,1,1291,1291,43.03,43.03,car
149,2,1291,1291,43.03,43.03,car
146,1,1251,1306,41.7,43.53,bus
150,1,1332,1332,44.4,44.4,car
151,3,1342,1342,44.73,44.73,bus
152,1,1344,1344,44.8,44.8,car
153,2,1378,1378,45.93,45.93,car
154,1,1388,1388,46.27,46.27,car
155,1,1402,1402,46.73,46.73,bus
156,1,1413,1413,47.1,47.1,car
157,2,1421,1421,47.37,47.37,car
149,1,1291,1431,43.03,47.7,car
158,3,1438,1438,47.93,47.93,car
159,2,1440,1440,48.0,48.0,car
160,1,1454,1454,48.47,48.47,car
161,1,1457,1457,48.57,48.57,motorcycle
157,1,1421,1476,47.37,49.2,car
162,2,1487,1487,49.57,49.57,car
163,3,1518,1518,50.6,50.6,car
164,2,1527,1527,50.9,50.9,car
165,1,1556,1556,51.87,51.87,car
166,2,1560,1560,52.0,52.0,car
167,3,1561,1561,52.03,52.03,car
162,1,1487,1563,49.57,52.1,car
168,2,1576,1576,52.53,52.53,car
169,2,1579,1579,52.63,52.63,bus
170,1,1625,1625,54.17,54.17,car
171,2,1625,1625,54.17,54.17,car
166,1,1560,1626,52.0,54.2,car
172,2,1638,1638,54.6,54.6,bus
173,2,1642,1642,54.73,54.73,bus
174,2,1646,1646,54.87,54.87,car
175,1,1679,1679,55.97,55.97,car
168,1,1576,1684,52.53,56.13,car
176,1,1685,1685,56.17,56.17,car
174,1,1646,1721,54.87,57.37,car
177,2,1727,1727,57.57,57.57,bus
178,2,1727,1727,57.57,57.57,car
171,1,1625,1775,54.17,59.17,car
179,2,1789,1789,59.63,59.63,car
180,2,1799,1799,59.97,59.97,bus
181,1,1803,1803,60.1,60.1,car
182,2,1810,1810,60.33,60.33,car
180,1,1799,1834,59.97,61.13,bus
183,2,1844,1844,61.47,61.47,car
184,1,1854,1854,61.8,61.8,car
185,2,1859,1859,61.97,61.97,car
186,2,1867,1867,62.23,62.23,car
187,2,1922,1922,64.07,64.07,car
188,2,1924,1924,64.13,64.13,car
189,2,1935,1935,64.5,64.5,bus
190,2,1945,1945,64.83,64.83,car
191,2,1949,1949,64.97,64.97,car
192,1,1952,1952,65.07,65.07,car
193,1,1956,1956,65.2,65.2,car
194,1,1970,1970,65.67,65.67,car
195,1,1972,1972,65.73,65.73,car
186,1,1867,1977,62.23,65.9,car
196,1,1982,1982,66.07,66.07,car
197,2,1986,1986,66.2,66.2,car
194,2,1970,1992,65.67,66.4,car
198,2,1997,1997,66.57,66.57,car
199,1,1998,1998,66.6,66.6,car
200,1,2039,2039,67.97,67.97,truck
188,1,1924,2040,64.13,68.0,car
201,2,2044,2044,68.13,68.13,car
202,2,2048,2048,68.27,68.27,car
203,2,2071,2071,69.03,69.03,car
204,2,2074,2074,69.13,69.13,car
205,2,2086,2086,69.53,69.53,car
206,2,2103,2103,70.1,70.1,car
207,2,2105,2105,70.17,70.17,car
208,1,2123,2123,70.77,70.77,car
209,2,2127,2127,70.9,70.9,car
210,2,2130,2130,71.0,71.0,car
211,1,2135,2135,71.17,71.17,car
212,1,2144,2144,71.47,71.47,car
213,2,2149,2149,71.63,71.63,car
214,2,2155,2155,71.83,71.83,car
215,2,2157,2157,71.9,71.9,car
216,1,2159,2159,71.97,71.97,car
217,1,2176,2176,72.53,72.53,car
218,2,2178,2178,72.6,72.6,car
219,2,2184,2184,72.8,72.8,truck
220,2,2210,2210,73.67,73.67,car
221,1,2221,2221,74.03,74.03,car
204,1,2074,2223,69.13,74.1,car
222,2,2236,2236,74.53,74.53,bus
223,1,2247,2247,74.9,74.9,car
224,2,2250,2250,75.0,75.0,car
224,1,2250,2257,75.0,75.23,car
212,2,2144,2265,71.47,75.5,car
225,1,2268,2268,75.6,75.6,car
226,1,2270,2270,75.67,75.67,car
227,1,2296,2296,76.53,76.53,car
228,1,2306,2306,76.87,76.87,bus
229,2,2307,2307,76.9,76.9,car
230,2,2322,2322,77.4,77.4,car
231,1,2340,2340,78.0,78.0,car
232,1,2342,2342,78.07,78.07,car
233,1,2364,2364,78.8,78.8,car
234,2,2368,2368,78.93,78.93,car
235,1,2402,2402,80.07,80.07,car
236,2,2406,2406,80.2,80.2,car
233,2,2364,2407,78.8,80.23,car
237,2,2411,2411,80.37,80.37,car
238,2,2412,2412,80.4,80.4,car
239,2,2443,2443,81.43,81.43,car
240,2,2445,2445,81.5,81.5,car
241,1,2446,2446,81.53,81.53,car
235,2,2402,2453,80.07,81.77,car
242,2,2461,2461,82.03,82.03,bus
243,2,2468,2468,82.27,82.27,car
244,2,2508,2508,83.6,83.6,car
245,1,2539,2539,84.63,84.63,car
246,2,2550,2550,85.0,85.0,car
247,2,2553,2553,85.1,85.1,car
245,2,2539,2561,84.63,85.37,car
248,1,2568,2568,85.6,85.6,truck
249,1,2585,2585,86.17,86.17,bus
250,2,2585,2585,86.17,86.17,car
251,2,2599,2599,86.63,86.63,car
252,2,2627,2627,87.57,87.57,car
253,1,2635,2635,87.83,87.83,car
254,2,2641,2641,88.03,88.03,car
255,1,2657,2657,88.57,88.57,car
256,1,2661,2661,88.7,88.7,truck
257,1,2664,2664,88.8,88.8,bus
255,2,2657,2671,88.57,89.03,car
258,1,2673,2673,89.1,89.1,car
259,1,2687,2687,89.57,89.57,car
260,2,2717,2717,90.57,90.57,car
261,1,2718,2718,90.6,90.6,car
262,1,2730,2730,91.0,91.0,bus
261,2,2718,2758,90.6,91.93,car
263,1,2762,2762,92.07,92.07,bus
264,1,2791,2791,93.03,93.03,car
265,1,2795,2795,93.17,93.17,car
264,2,2791,2807,93.03,93.57,car
266,1,2827,2827,94.23,94.23,car
267,1,2831,2831,94.37,94.37,truck
268,1,2839,2839,94.63,94.63,car
269,1,2860,2860,95.33,95.33,car
270,1,2896,2896,96.53,96.53,bus
269,2,2860,2899,95.33,96.63,car
271,2,2914,2914,97.13,97.13,car
272,1,2919,2919,97.3,97.3,truck
273,1,2940,2940,98.0,98.0,truck
274,1,2946,2946,98.2,98.2,truck
275,1,2951,2951,98.37,98.37,car
276,1,2957,2957,98.57,98.57,car
277,1,2966,2966,98.87,98.87,car
278,1,2979,2979,99.3,99.3,car
279,1,2989,2989,99.63,99.63,bus
280,1,2999,2999,99.97,99.97,truck
281,2,3004,3004,100.13,100.13,car
282,2,3017,3017,100.57,100.57,car
283,2,3019,3019,100.63,100.63,car
284,2,3031,3031,101.03,101.03,car
285,1,3040,3040,101.33,101.33,bus
286,1,3043,3043,101.43,101.43,car
287,2,3046,3046,101.53,101.53,car
288,1,3050,3050,101.67,101.67,car
289,1,3057,3057,101.9,101.9,car
290,2,3094,3094,103.13,103.13,car
291,2,3094,3094,103.13,103.13,bus
292,1,3097,3097,103.23,103.23,bus
293,2,3118,3118,103.93,103.93,car
290,1,3094,3119,103.13,103.97,car
294,2,3122,3122,104.07,104.07,car
295,1,3126,3126,104.2,104.2,car
296,2,3135,3135,104.5,104.5,car
297,2,3137,3137,104.57,104.57,car
298,2,3146,3146,104.87,104.87,car
295,2,3126,3148,104.2,104.93,car
294,1,3122,3154,104.07,105.13,car
299,1,3171,3171,105.7,105.7,bus
300,2,3174,3174,105.8,105.8,car
301,2,3179,3179,105.97,105.97,bus
302,1,3182,3182,106.07,106.07,car
303,1,3182,3182,106.07,106.07,car
304,1,3184,3184,106.13,106.13,car
296,1,3135,3190,104.5,106.33,car
305,2,3193,3193,106.43,106.43,car
306,2,3208,3208,106.93,106.93,car
307,1,3212,3212,107.07,107.07,car
303,2,3182,3218,106.07,107.27,car
308,1,3230,3230,107.67,107.67,car
309,2,3244,3244,108.13,108.13,car
310,1,3292,3292,109.73,109.73,car
311,1,3304,3304,110.13,110.13,truck
312,3,3315,3315,110.5,110.5,car
313,1,3319,3319,110.63,110.63,bus
314,2,3333,3333,111.1,111.1,bus
311,2,3304,3337,110.13,111.23,bus
315,1,3415,3415,113.83,113.83,car
316,2,3429,3429,114.3,114.3,car
317,1,3445,3445,114.83,114.83,truck
318,2,3446,3446,114.87,114.87,car
319,1,3450,3450,115.0,115.0,car
320,2,3471,3471,115.7,115.7,car
321,3,3488,3488,116.27,116.27,car
322,1,3502,3502,116.73,116.73,bus
323,1,3511,3511,117.03,117.03,car
324,1,3511,3511,117.03,117.03,bus
325,1,3515,3515,117.17,117.17,car
326,2,3515,3515,117.17,117.17,car
327,1,3525,3525,117.5,117.5,truck
328,2,3527,3527,117.57,117.57,car
320,1,3471,3539,115.7,117.97,car
329,2,3539,3539,117.97,117.97,car
330,1,3567,3567,118.9,118.9,car
331,2,3570,3570,119.0,119.0,bus
323,2,3511,3583,117.03,119.43,car
332,1,3585,3585,119.5,119.5,car
333,1,3619,3619,120.63,120.63,car
334,3,3636,3636,121.2,121.2,car
332,2,3585,3659,119.5,121.97,car
335,1,3728,3728,124.27,124.27,car
336,1,3738,3738,124.6,124.6,car
337,1,3748,3748,124.93,124.93,car
338,2,3752,3752,125.07,125.07,car
335,2,3728,3774,124.27,125.8,car
339,1,3792,3792,126.4,126.4,car
340,2,3820,3820,127.33,127.33,car
341,1,3840,3840,128.0,128.0,car
342,2,3844,3844,128.13,128.13,car
341,2,3840,3847,128.0,128.23,car
343,1,3853,3853,128.43,128.43,car
344,2,3859,3859,128.63,128.63,car
340,1,3820,3878,127.33,129.27,car
345,1,3883,3883,129.43,129.43,bus
346,2,3884,3884,129.47,129.47,car
347,1,3885,3885,129.5,129.5,car
348,2,3897,3897,129.9,129.9,bus
349,1,3898,3898,129.93,129.93,car
350,2,3908,3908,130.27,130.27,car
351,2,3911,3911,130.37,130.37,bus
352,1,3913,3913,130.43,130.43,truck
353,1,3915,3915,130.5,130.5,car
354,1,3916,3916,130.53,130.53,truck
355,2,3924,3924,130.8,130.8,car
356,1,3925,3925,130.83,130.83,car
357,1,3929,3929,130.97,130.97,truck
358,2,3957,3957,131.9,131.9,car
359,1,3966,3966,132.2,132.2,car
360,1,3967,3967,132.23,132.23,car
361,2,3969,3969,132.3,132.3,car
362,1,3970,3970,132.33,132.33,car
363,2,3981,3981,132.7,132.7,car
364,2,4019,4019,133.97,133.97,car
365,2,4022,4022,134.07,134.07,car
366,1,4041,4041,134.7,134.7,bus
367,2,4063,4063,135.43,135.43,car
368,2,4063,4063,135.43,135.43,car
369,1,4070,4070,135.67,135.67,car
370,1,4071,4071,135.7,135.7,bus
371,1,4073,4073,135.77,135.77,car
372,2,4079,4079,135.97,135.97,car
373,2,4080,4080,136.0,136.0,car
365,1,4022,4081,134.07,136.03,car
374,2,4083,4083,136.1,136.1,car
367,1,4063,4090,135.43,136.33,car
375,1,4097,4097,136.57,136.57,car
376,2,4100,4100,136.67,136.67,car
377,2,4116,4116,137.2,137.2,car
378,2,4131,4131,137.7,137.7,car
379,1,4132,4132,137.73,137.73,car
380,2,4137,4137,137.9,137.9,car
381,1,4139,4139,137.97,137.97,car
382,3,4142,4142,138.07,138.07,bus
383,2,4146,4146,138.2,138.2,car
384,2,4150,4150,138.33,138.33,car
385,2,4167,4167,138.9,138.9,car
372,1,4079,4171,135.97,139.03,car
386,1,4180,4180,139.33,139.33,car
387,2,4183,4183,139.43,139.43,car
388,1,4185,4185,139.5,139.5,car
389,1,4187,4187,139.57,139.57,car
390,1,4187,4187,139.57,139.57,car
391,3,4199,4199,139.97,139.97,car
388,2,4185,4207,139.5,140.23,car
392,2,4207,4207,140.23,140.23,car
377,1,4116,4214,137.2,140.47,car
393,2,4215,4215,140.5,140.5,car
394,1,4219,4219,140.63,140.63,car
395,3,4222,4222,140.73,140.73,car
396,1,4233,4233,141.1,141.1,car
397,2,4234,4234,141.13,141.13,car
398,1,4234,4234,141.13,141.13,car
399,1,4242,4242,141.4,141.4,bus
400,1,4249,4249,141.63,141.63,car
401,1,4252,4252,141.73,141.73,car
402,2,4258,4258,141.93,141.93,car
384,1,4150,4260,138.33,142.0,car
403,1,4270,4270,142.33,142.33,car
404,2,4273,4273,142.43,142.43,car
387,1,4183,4284,139.43,142.8,car
405,2,4290,4290,143.0,143.0,car
406,2,4304,4304,143.47,143.47,car
407,1,4318,4318,143.93,143.93,bus
408,1,4339,4339,144.63,144.63,car
402,1,4258,4341,141.93,144.7,car
409,2,4358,4358,145.27,145.27,bus
410,2,4361,4361,145.37,145.37,car
411,1,4368,4368,145.6,145.6,car
412,2,4370,4370,145.67,145.67,car
411,2,4368,4386,145.6,146.2,car
409,1,4358,4393,145.27,146.43,bus
413,3,4411,4411,147.03,147.03,car
414,2,4433,4433,147.77,147.77,car
415,1,4442,4442,148.07,148.07,bus
416,2,4456,4456,148.53,148.53,car
417,2,4476,4476,149.2,149.2,car
418,2,4499,4499,149.97,149.97,car
419,2,4512,4512,150.4,150.4,car
420,1,4518,4518,150.6,150.6,car
421,2,4527,4527,150.9,150.9,car
422,2,4544,4544,151.47,151.47,car
423,1,4545,4545,151.5,151.5,car
420,2,4518,4562,150.6,152.07,car
424,2,4567,4567,152.23,152.23,car
419,1,4512,4572,150.4,152.4,car
425,1,4601,4601,153.37,153.37,car
426,1,4620,4620,154.0,154.0,car
427,2,4621,4621,154.03,154.03,car
428,1,4624,4624,154.13,154.13,car
429,1,4647,4647,154.9,154.9,car
430,1,4672,4672,155.73,155.73,car
431,2,4677,4677,155.9,155.9,car
432,1,4679,4679,155.97,155.97,car
433,3,4708,4708,156.93,156.93,car
434,1,4708,4708,156.93,156.93,car
435,1,4710,4710,157.0,157.0,bus
436,2,4712,4712,157.07,157.07,car
437,2,4725,4725,157.5,157.5,car
438,1,4739,4739,157.97,157.97,car
439,1,4750,4750,158.33,158.33,car
440,2,4767,4767,158.9,158.9,car
437,1,4725,4778,157.5,159.27,car
441,2,4784,4784,159.47,159.47,car
442,1,4789,4789,159.63,159.63,car
443,3,4790,4790,159.67,159.67,car
444,2,4795,4795,159.83,159.83,car
445,2,4809,4809,160.3,160.3,car
446,2,4810,4810,160.33,160.33,car
447,2,4816,4816,160.53,160.53,bus
441,1,4784,4817,159.47,160.57,bus
448,1,4822,4822,160.73,160.73,bus
449,1,4832,4832,161.07,161.07,car
444,1,4795,4837,159.83,161.23,car
450,1,4840,4840,161.33,161.33,car
451,1,4865,4865,162.17,162.17,car
452,1,4868,4868,162.27,162.27,car
453,2,4876,4876,162.53,162.53,car
454,2,4879,4879,162.63,162.63,car
455,2,4885,4885,162.83,162.83,bus
456,2,4886,4886,162.87,162.87,car
457,1,4894,4894,163.13,163.13,bus
458,1,4902,4902,163.4,163.4,bus
445,1,4809,4906,160.3,163.53,car
459,1,4911,4911,163.7,163.7,truck
460,2,4916,4916,163.87,163.87,car
461,1,4925,4925,164.17,164.17,truck
462,2,4952,4952,165.07,165.07,car
463,1,4955,4955,165.17,165.17,car
464,2,4969,4969,165.63,165.63,car
465,2,4971,4971,165.7,165.7,car
453,1,4876,4974,162.53,165.8,car
466,2,4978,4978,165.93,165.93,car
467,1,4984,4984,166.13,166.13,car
468,1,4988,4988,166.27,166.27,car
469,2,5002,5002,166.73,166.73,car
470,1,5017,5017,167.23,167.23,car
460,1,4916,5018,163.87,167.27,car
462,1,4952,5055,165.07,168.5,car
471,1,5065,5065,168.83,168.83,car
472,3,5066,5066,168.87,168.87,car
473,2,5067,5067,168.9,168.9,car
474,2,5069,5069,168.97,168.97,car
475,2,5074,5074,169.13,169.13,car
476,1,5075,5075,169.17,169.17,car
477,1,5084,5084,169.47,169.47,car
478,2,5110,5110,170.33,170.33,bus
479,1,5113,5113,170.43,170.43,car
480,2,5115,5115,170.5,170.5,car
481,1,5116,5116,170.53,170.53,car
482,2,5120,5120,170.67,170.67,car
483,1,5126,5126,170.87,170.87,car
484,2,5134,5134,171.13,171.13,car
485,1,5136,5136,171.2,171.2,car
486,1,5140,5140,171.33,171.33,bus
487,2,5167,5167,172.23,172.23,bus
488,1,5180,5180,172.67,172.67,car
488,2,5180,5184,172.67,172.8,car
489,2,5216,5216,173.87,173.87,bus
490,1,5234,5234,174.47,174.47,car
489,1,5216,5235,173.87,174.5,car
491,1,5243,5243,174.77,174.77,car
492,2,5252,5252,175.07,175.07,car
493,2,5254,5254,175.13,175.13,car
494,2,5256,5256,175.2,175.2,car
495,2,5257,5257,175.23,175.23,car
496,1,5295,5295,176.5,176.5,car
497,2,5300,5300,176.67,176.67,car
498,2,5307,5307,176.9,176.9,car
499,2,5307,5307,176.9,176.9,car
500,1,5317,5317,177.23,177.23,truck
501,1,5328,5328,177.6,177.6,truck
502,2,5353,5353,178.43,178.43,car
503,1,5354,5354,178.47,178.47,car
504,3,5379,5379,179.3,179.3,car
505,2,5389,5389,179.63,179.63,car
506,2,5393,5393,179.77,179.77,car
507,2,5394,5394,179.8,179.8,bus
508,2,5399,5399,179.97,179.97,car
509,1,5410,5410,180.33,180.33,car
510,1,5414,5414,180.47,180.47,bus
511,2,5415,5415,180.5,180.5,car
512,2,5417,5417,180.57,180.57,bus
513,1,5419,5419,180.63,180.63,bus
514,2,5421,5421,180.7,180.7,car
515,1,5428,5428,180.93,180.93,car
516,1,5430,5430,181.0,181.0,car
517,1,5437,5437,181.23,181.23,car
518,2,5443,5443,181.43,181.43,car
519,1,5470,5470,182.33,182.33,car
520,2,5473,5473,182.43,182.43,car
511,1,5415,5482,180.5,182.73,car
521,2,5482,5482,182.73,182.73,bus
522,1,5497,5497,183.23,183.23,bus
523,2,5502,5502,183.4,183.4,car
524,2,5506,5506,183.53,183.53,car
525,2,5520,5520,184.0,184.0,car
526,1,5532,5532,184.4,184.4,bus
527,1,5534,5534,184.47,184.47,car
528,1,5544,5544,184.8,184.8,car
520,1,5473,5559,182.43,185.3,car
529,2,5565,5565,185.5,185.5,car
530,1,5567,5567,185.57,185.57,car
531,1,5574,5574,185.8,185.8,truck
529,1,5565,5582,185.5,186.07,car
532,1,5583,5583,186.1,186.1,car
533,2,5591,5591,186.37,186.37,car
534,1,5614,5614,187.13,187.13,car
535,2,5617,5617,187.23,187.23,car
536,2,5627,5627,187.57,187.57,car
537,1,5633,5633,187.77,187.77,car
538,2,5634,5634,187.8,187.8,car
539,1,5640,5640,188.0,188.0,car
540,2,5644,5644,188.13,188.13,car
541,1,5660,5660,188.67,188.67,car
542,1,5663,5663,188.77,188.77,bus
543,2,5663,5663,188.77,188.77,car
544,2,5669,5669,188.97,188.97,car
545,2,5679,5679,189.3,189.3,car
546,3,5682,5682,189.4,189.4,car
547,2,5684,5684,189.47,189.47,car
548,2,5726,5726,190.87,190.87,car
549,2,5729,5729,190.97,190.97,car
550,1,5740,5740,191.33,191.33,car
551,1,5758,5758,191.93,191.93,car
552,1,5778,5778,192.6,192.6,car
545,1,5679,5779,189.3,192.63,car
553,1,5788,5788,192.93,192.93,car
554,2,5791,5791,193.03,193.03,car
555,2,5799,5799,193.3,193.3,bus
556,1,5803,5803,193.43,193.43,car
557,1,5805,5805,193.5,193.5,car
558,3,5821,5821,194.03,194.03,car
559,1,5824,5824,194.13,194.13,car
560,2,5829,5829,194.3,194.3,car
561,1,5840,5840,194.67,194.67,truck
562,1,5844,5844,194.8,194.8,bus
563,1,5847,5847,194.9,194.9,car
564,1,5856,5856,195.2,195.2,car
565,3,5862,5862,195.4,195.4,bus
554,1,5791,5871,193.03,195.7,car
566,3,5878,5878,195.93,195.93,car
567,3,5884,5884,196.13,196.13,car
568,1,5893,5893,196.43,196.43,car
569,2,5897,5897,196.57,196.57,car
570,2,5909,5909,196.97,196.97,car
571,1,5921,5921,197.37,197.37,car
572,2,5921,5921,197.37,197.37,car
573,2,5921,5921,197.37,197.37,car
574,3,5928,5928,197.6,197.6,car
575,1,5934,5934,197.8,197.8,car
560,1,5829,5937,194.3,197.9,car
576,2,5940,5940,198.0,198.0,car
577,1,5942,5942,198.07,198.07,bus
578,1,5955,5955,198.5,198.5,car
579,1,5972,5972,199.07,199.07,car
573,1,5921,6005,197.37,200.17,car
580,2,6013,6013,200.43,200.43,car
581,1,6022,6022,200.73,200.73,car
582,1,6036,6036,201.2,201.2,car
583,2,6038,6038,201.27,201.27,car
576,1,5940,6049,198.0,201.63,car
584,1,6052,6052,201.73,201.73,car
585,1,6055,6055,201.83,201.83,car
586,1,6084,6084,202.8,202.8,car
587,2,6098,6098,203.27,203.27,car
588,1,6102,6102,203.4,203.4,car
589,1,6121,6121,204.03,204.03,car
590,1,6132,6132,204.4,204.4,car
591,1,6139,6139,204.63,204.63,truck
580,1,6013,6145,200.43,204.83,car
591,2,6139,6146,204.63,204.87,truck
592,2,6151,6151,205.03,205.03,car
593,1,6179,6179,205.97,205.97,car
594,1,6182,6182,206.07,206.07,car
595,2,6183,6183,206.1,206.1,car
596,2,6186,6186,206.2,206.2,car
597,1,6195,6195,206.5,206.5,car
598,1,6216,6216,207.2,207.2,car
599,2,6219,6219,207.3,207.3,bus
583,1,6038,6227,201.27,207.57,car
600,1,6227,6227,207.57,207.57,car
601,2,6240,6240,208.0,208.0,car
602,1,6246,6246,208.2,208.2,car
603,1,6251,6251,208.37,208.37,car
604,2,6255,6255,208.5,208.5,car
605,1,6266,6266,208.87,208.87,car
606,1,6274,6274,209.13,209.13,bus
599,1,6219,6275,207.3,209.17,bus
607,1,6286,6286,209.53,209.53,car
608,2,6290,6290,209.67,209.67,car
609,2,6290,6290,209.67,209.67,car
610,2,6291,6291,209.7,209.7,car
611,1,6307,6307,210.23,210.23,bus
612,2,6308,6308,210.27,210.27,car
613,3,6311,6311,210.37,210.37,car
614,2,6315,6315,210.5,210.5,car
615,2,6318,6318,210.6,210.6,car
612,1,6308,6321,210.27,210.7,car
616,2,6323,6323,210.77,210.77,car
617,1,6340,6340,211.33,211.33,car
618,1,6350,6350,211.67,211.67,car
619,1,6356,6356,211.87,211.87,car
620,2,6366,6366,212.2,212.2,car
621,3,6368,6368,212.27,212.27,car
622,1,6368,6368,212.27,212.27,car
623,1,6385,6385,212.83,212.83,bus
614,1,6315,6398,210.5,213.27,car
624,1,6398,6398,213.27,213.27,car
625,2,6399,6399,213.3,213.3,car
626,2,6411,6411,213.7,213.7,car
627,2,6415,6415,213.83,213.83,car
628,1,6419,6419,213.97,213.97,car
628,2,6419,6424,213.97,214.13,car
629,2,6426,6426,214.2,214.2,car
620,1,6366,6446,212.2,214.87,car
630,1,6446,6446,214.87,214.87,bus
631,1,6470,6470,215.67,215.67,car
632,1,6476,6476,215.87,215.87,truck
625,1,6399,6492,213.3,216.4,car
633,1,6492,6492,216.4,216.4,truck
634,2,6502,6502,216.73,216.73,car
635,2,6544,6544,218.13,218.13,car
636,1,6548,6548,218.27,218.27,bus
637,3,6562,6562,218.73,218.73,car
638,1,6600,6600,220.0,220.0,truck
639,2,6606,6606,220.2,220.2,car
636,2,6548,6642,218.27,221.4,bus
640,2,6642,6642,221.4,221.4,bus
641,1,6673,6673,222.43,222.43,car
642,2,6680,6680,222.67,222.67,car
643,2,6689,6689,222.97,222.97,car
644,2,6697,6697,223.23,223.23,bus
645,2,6697,6697,223.23,223.23,bus
646,2,6718,6718,223.93,223.93,car
647,1,6719,6719,223.97,223.97,truck
648,2,6731,6731,224.37,224.37,car
649,2,6741,6741,224.7,224.7,car
650,1,6757,6757,225.23,225.23,car
651,1,6764,6764,225.47,225.47,car
652,1,6765,6765,225.5,225.5,bus
653,2,6784,6784,226.13,226.13,car
654,2,6789,6789,226.3,226.3,car
647,2,6719,6796,223.97,226.53,bus
655,2,6802,6802,226.73,226.73,car
656,2,6807,6807,226.9,226.9,car
657,3,6816,6816,227.2,227.2,car
658,2,6829,6829,227.63,227.63,car
659,2,6839,6839,227.97,227.97,car
660,2,6842,6842,228.07,228.07,car
658,1,6829,6891,227.63,229.7,car
661,1,6899,6899,229.97,229.97,truck
662,2,6899,6899,229.97,229.97,car
663,1,6901,6901,230.03,230.03,truck
664,1,6935,6935,231.17,231.17,car
665,2,6950,6950,231.67,231.67,truck
666,1,6954,6954,231.8,231.8,car
667,1,6961,6961,232.03,232.03,car
668,1,6961,6961,232.03,232.03,car
669,2,6966,6966,232.2,232.2,car
670,2,6968,6968,232.27,232.27,car
671,2,6984,6984,232.8,232.8,car
672,1,7032,7032,234.4,234.4,car
673,2,7037,7037,234.57,234.57,car
674,2,7037,7037,234.57,234.57,car
675,1,7047,7047,234.9,234.9,car
676,2,7066,7066,235.53,235.53,car
677,2,7077,7077,235.9,235.9,car
678,2,7096,7096,236.53,236.53,bus
679,2,7108,7108,236.93,236.93,car
680,1,7117,7117,237.23,237.23,car
681,1,7130,7130,237.67,237.67,car
677,1,7077,7147,235.9,238.23,car
682,1,7161,7161,238.7,238.7,car
683,2,7170,7170,239.0,239.0,bus
684,1,7172,7172,239.07,239.07,car
685,2,7175,7175,239.17,239.17,car
686,1,7187,7187,239.57,239.57,car
687,1,7193,7193,239.77,239.77,car
688,2,7204,7204,240.13,240.13,car
689,1,7210,7210,240.33,240.33,car
690,1,7228,7228,240.93,240.93,car
690,2,7228,7238,240.93,241.27,car
691,1,7243,7243,241.43,241.43,car
692,2,7246,7246,241.53,241.53,car
693,1,7251,7251,241.7,241.7,car
685,1,7175,7252,239.17,241.73,car
694,2,7256,7256,241.87,241.87,car
695,3,7257,7257,241.9,241.9,bus
696,1,7276,7276,242.53,242.53,car
697,2,7278,7278,242.6,242.6,bus
698,1,7291,7291,243.03,243.03,car
699,1,7295,7295,243.17,243.17,car
700,2,7299,7299,243.3,243.3,bus
701,2,7331,7331,244.37,244.37,car
702,3,7337,7337,244.57,244.57,car
703,1,7338,7338,244.6,244.6,car
704,1,7348,7348,244.93,244.93,car
705,1,7365,7365,245.5,245.5,car
706,3,7369,7369,245.63,245.63,car
707,1,7379,7379,245.97,245.97,truck
708,1,7384,7384,246.13,246.13,car
709,1,7395,7395,246.5,246.5,car
710,1,7401,7401,246.7,246.7,car
711,3,7411,7411,247.03,247.03,car
712,1,7411,7411,247.03,247.03,car
713,1,7420,7420,247.33,247.33,car
714,1,7434,7434,247.8,247.8,bus
715,2,7442,7442,248.07,248.07,bus
716,1,7444,7444,248.13,248.13,car
717,1,7446,7446,248.2,248.2,car
718,1,7466,7466,248.87,248.87,car
719,2,7470,7470,249.0,249.0,bus
720,1,7475,7475,249.17,249.17,car
721,1,7491,7491,249.7,249.7,car
722,2,7504,7504,250.13,250.13,car
723,1,7525,7525,250.83,250.83,car
724,1,7529,7529,250.97,250.97,car
721,2,7491,7536,249.7,251.2,car
725,1,7544,7544,251.47,251.47,car
726,1,7547,7547,251.57,251.57,car
727,1,7550,7550,251.67,251.67,car
728,1,7557,7557,251.9,251.9,car
722,1,7504,7579,250.13,252.63,car
729,1,7595,7595,253.17,253.17,car
730,3,7605,7605,253.5,253.5,car
731,1,7606,7606,253.53,253.53,car
732,2,7606,7606,253.53,253.53,car
733,1,7611,7611,253.7,253.7,car
732,1,7606,7618,253.53,253.93,car
734,1,7629,7629,254.3,254.3,bus
735,1,7632,7632,254.4,254.4,car
736,2,7646,7646,254.87,254.87,car
737,1,7647,7647,254.9,254.9,car
738,1,7655,7655,255.17,255.17,car
739,1,7661,7661,255.37,255.37,car
735,2,7632,7674,254.4,255.8,car
740,1,7703,7703,256.77,256.77,bus
741,1,7712,7712,257.07,257.07,car
742,2,7719,7719,257.3,257.3,car
743,2,7721,7721,257.37,257.37,car
744,1,7738,7738,257.93,257.93,car
745,1,7742,7742,258.07,258.07,car
746,1,7747,7747,258.23,258.23,truck
747,1,7751,7751,258.37,258.37,car
748,1,7773,7773,259.1,259.1,car
749,2,7788,7788,259.6,259.6,car
741,2,7712,7791,257.07,259.7,car
750,1,7811,7811,260.37,260.37,car
751,1,7818,7818,260.6,260.6,car
752,1,7827,7827,260.9,260.9,car
751,2,7818,7836,260.6,261.2,car
753,1,7836,7836,261.2,261.2,car
754,1,7847,7847,261.57,261.57,car
755,2,7855,7855,261.83,261.83,car
756,1,7858,7858,261.93,261.93,car
757,1,7870,7870,262.33,262.33,car
758,1,7871,7871,262.37,262.37,car
759,2,7874,7874,262.47,262.47,car
760,1,7876,7876,262.53,262.53,car
761,1,7877,7877,262.57,262.57,car
762,2,7887,7887,262.9,262.9,car
763,3,7889,7889,262.97,262.97,car
764,1,7893,7893,263.1,263.1,car
765,1,7899,7899,263.3,263.3,car
756,2,7858,7900,261.93,263.33,car
766,1,7901,7901,263.37,263.37,car
767,2,7903,7903,263.43,263.43,car
768,1,7910,7910,263.67,263.67,car
769,1,7917,7917,263.9,263.9,car
770,1,7918,7918,263.93,263.93,car
771,1,7950,7950,265.0,265.0,car
772,1,7955,7955,265.17,265.17,car
773,2,7960,7960,265.33,265.33,car
774,1,7963,7963,265.43,265.43,car
775,2,7969,7969,265.63,265.63,car
776,1,7970,7970,265.67,265.67,car
777,2,7971,7971,265.7,265.7,bus
778,2,7986,7986,266.2,266.2,car
779,2,7994,7994,266.47,266.47,car
780,1,7994,7994,266.47,266.47,car
781,1,7997,7997,266.57,266.57,car
782,2,7998,7998,266.6,266.6,car
783,1,8016,8016,267.2,267.2,bus
784,1,8025,8025,267.5,267.5,bus
785,2,8026,8026,267.53,267.53,car
786,2,8042,8042,268.07,268.07,car
787,1,8047,8047,268.23,268.23,car
788,2,8053,8053,268.43,268.43,car
789,2,8065,8065,268.83,268.83,bus
790,1,8070,8070,269.0,269.0,bus
791,1,8078,8078,269.27,269.27,truck
792,2,8090,8090,269.67,269.67,bus
793,1,8095,8095,269.83,269.83,bus
794,2,8105,8105,270.17,270.17,car
795,2,8105,8105,270.17,270.17,car
796,1,8107,8107,270.23,270.23,car
797,2,8114,8114,270.47,270.47,car
798,1,8115,8115,270.5,270.5,car
794,1,8105,8118,270.17,270.6,bus
799,1,8123,8123,270.77,270.77,car
800,1,8123,8123,270.77,270.77,car
800,2,8123,8146,270.77,271.53,car
801,2,8147,8147,271.57,271.57,car
802,2,8166,8166,272.2,272.2,bus
803,1,8171,8171,272.37,272.37,truck
804,1,8181,8181,272.7,272.7,truck
805,2,8183,8183,272.77,272.77,car
806,2,8191,8191,273.03,273.03,car
807,1,8192,8192,273.07,273.07,car
808,1,8196,8196,273.2,273.2,car
809,1,8206,8206,273.53,273.53,car
810,1,8212,8212,273.73,273.73,car
811,2,8214,8214,273.8,273.8,car
812,1,8214,8214,273.8,273.8,truck
813,1,8217,8217,273.9,273.9,car
814,2,8256,8256,275.2,275.2,car
815,2,8257,8257,275.23,275.23,car
816,1,8259,8259,275.3,275.3,truck
817,2,8274,8274,275.8,275.8,car
818,1,8282,8282,276.07,276.07,car
819,2,8285,8285,276.17,276.17,car
820,1,8291,8291,276.37,276.37,car
821,1,8298,8298,276.6,276.6,car
822,1,8303,8303,276.77,276.77,car
822,2,8303,8319,276.77,277.3,car
823,2,8319,8319,277.3,277.3,car
824,1,8325,8325,277.5,277.5,bus
825,1,8328,8328,277.6,277.6,car
826,2,8333,8333,277.77,277.77,bus
827,1,8337,8337,277.9,277.9,car
828,1,8345,8345,278.17,278.17,bus
825,2,8328,8347,277.6,278.23,car
829,1,8353,8353,278.43,278.43,car
830,1,8355,8355,278.5,278.5,car
831,1,8371,8371,279.03,279.03,truck
832,2,8375,8375,279.17,279.17,car
833,2,8378,8378,279.27,279.27,car
834,1,8385,8385,279.5,279.5,car
835,1,8389,8389,279.63,279.63,car
836,1,8391,8391,279.7,279.7,bus
837,2,8394,8394,279.8,279.8,car
838,1,8405,8405,280.17,280.17,car
839,1,8418,8418,280.6,280.6,car
840,1,8427,8427,280.9,280.9,car
841,2,8437,8437,281.23,281.23,car
842,2,8441,8441,281.37,281.37,car
843,2,8454,8454,281.8,281.8,car
844,2,8459,8459,281.97,281.97,car
845,2,8466,8466,282.2,282.2,car
846,2,8466,8466,282.2,282.2,car
844,1,8459,8468,281.97,282.27,car
847,1,8476,8476,282.53,282.53,bus
848,2,8491,8491,283.03,283.03,car
849,1,8494,8494,283.13,283.13,car
850,1,8500,8500,283.33,283.33,car
851,2,8505,8505,283.5,283.5,car
852,2,8505,8505,283.5,283.5,car
853,1,8507,8507,283.57,283.57,truck
854,2,8513,8513,283.77,283.77,car
855,1,8527,8527,284.23,284.23,car
856,1,8528,8528,284.27,284.27,car
857,1,8533,8533,284.43,284.43,car
858,1,8537,8537,284.57,284.57,car
855,2,8527,8539,284.23,284.63,car
859,1,8542,8542,284.73,284.73,car
860,2,8551,8551,285.03,285.03,car
861,2,8556,8556,285.2,285.2,car
859,2,8542,8563,284.73,285.43,car
862,2,8567,8567,285.57,285.57,car
863,2,8579,8579,285.97,285.97,car
864,2,8585,8585,286.17,286.17,car
865,2,8590,8590,286.33,286.33,car
866,2,8598,8598,286.6,286.6,car
867,2,8608,8608,286.93,286.93,bus
868,2,8639,8639,287.97,287.97,car
869,1,8642,8642,288.07,288.07,car
870,2,8646,8646,288.2,288.2,car
871,1,8651,8651,288.37,288.37,car
872,2,8652,8652,288.4,288.4,car
873,2,8678,8678,289.27,289.27,car
874,2,8686,8686,289.53,289.53,car
875,1,8686,8686,289.53,289.53,car
876,1,8700,8700,290.0,290.0,car
875,2,8686,8714,289.53,290.47,truck
877,2,8726,8726,290.87,290.87,car
878,1,8741,8741,291.37,291.37,car
879,3,8752,8752,291.73,291.73,car
880,2,8754,8754,291.8,291.8,car
881,2,8767,8767,292.23,292.23,car
882,2,8768,8768,292.27,292.27,car
883,1,8770,8770,292.33,292.33,car
877,1,8726,8784,290.87,292.8,bus
884,1,8791,8791,293.03,293.03,truck
885,1,8796,8796,293.2,293.2,truck
886,1,8812,8812,293.73,293.73,truck
887,1,8825,8825,294.17,294.17,car
888,2,8840,8840,294.67,294.67,car
889,1,8848,8848,294.93,294.93,car
890,1,8858,8858,295.27,295.27,truck
891,2,8870,8870,295.67,295.67,car
892,1,8870,8870,295.67,295.67,truck
893,2,8878,8878,295.93,295.93,car
894,1,8884,8884,296.13,296.13,car
895,1,8911,8911,297.03,297.03,car
896,1,8918,8918,297.27,297.27,car
897,1,8919,8919,297.3,297.3,car
898,2,8932,8932,297.73,297.73,truck
899,2,8958,8958,298.6,298.6,bus
900,1,8959,8959,298.63,298.63,car
901,2,8962,8962,298.73,298.73,car
902,2,8969,8969,298.97,298.97,car
899,1,8958,8982,298.6,299.4,bus
903,1,8992,8992,299.73,299.73,car
904,1,9005,9005,300.17,300.17,bus
905,1,9007,9007,300.23,300.23,car
906,2,9018,9018,300.6,300.6,bus
907,3,9040,9040,301.33,301.33,car
908,2,9050,9050,301.67,301.67,car
909,1,9054,9054,301.8,301.8,car
910,1,9054,9054,301.8,301.8,bus
911,1,9055,9055,301.83,301.83,car
912,2,9055,9055,301.83,301.83,car
913,2,9074,9074,302.47,302.47,car
914,2,9077,9077,302.57,302.57,car
915,2,9079,9079,302.63,302.63,bus
916,1,9086,9086,302.87,302.87,car
917,1,9088,9088,302.93,302.93,car
915,1,9079,9096,302.63,303.2,bus
918,1,9134,9134,304.47,304.47,car
919,2,9138,9138,304.6,304.6,bus
920,1,9142,9142,304.73,304.73,car
921,3,9157,9157,305.23,305.23,car
922,2,9164,9164,305.47,305.47,car
916,2,9086,9165,302.87,305.5,car
923,1,9166,9166,305.53,305.53,car
924,1,9174,9174,305.8,305.8,car
925,1,9183,9183,306.1,306.1,car
